file_name,mod_date
fov_summary.ipynb,1722503971.5498502
halloween_smile.ipynb,1722244285.9549654
app_eis_stray_light.ipynb,1722419443.3463411
coalign_flowmap.ipynb,1722422198.7466638
../aia/aia_coalign_1024_final_rsuncorr.ipynb,1723019455.7628422
eis_spice_doppler.ipynb,1724948115.5996232
hri_spice_evolution.ipynb,1724861423.875037
hri_zoomin_east.ipynb,1724922499.4433591
hri_zoomin_west.ipynb,1724948117.9696226
aia_eui_pfss_1025_with_sot_phi.ipynb,1724686658.3315823
eui_stackplot.ipynb,1724947588.3219786
